{
  "results": [
    {
      "command": "karac:synthetic",
      "mean": 5.2554564469,
      "stddev": 0.06358773273788487,
      "median": 5.260423877999999,
      "user": 4.9882899,
      "system": 0.2664873,
      "min": 5.172418436,
      "max": 5.366425159,
      "times": [
        5.310649608,
        5.246586944,
        5.303359418,
        5.366425159,
        5.18648172,
        5.274260812,
        5.278454542,
        5.179587225,
        5.172418436,
        5.236340605
      ],
      "exit_codes": [
        0,
        0,
        0,
        0,
        0,
        0,
        0,
        0,
        0,
        0
      ]
    },
    {
      "command": "rustc:synthetic",
      "mean": 1.6604349507000002,
      "stddev": 0.010445010535904182,
      "median": 1.6626092855,
      "user": 1.6244834000000001,
      "system": 0.053554500000000005,
      "min": 1.6414395110000002,
      "max": 1.678184457,
      "times": [
        1.6630162940000002,
        1.6510230940000001,
        1.6579625359999999,
        1.651180588,
        1.6414395110000002,
        1.662202277,
        1.678184457,
        1.664910345,
        1.665816304,
        1.6686141010000002
      ],
      "exit_codes": [
        0,
        0,
        0,
        0,
        0,
        0,
        0,
        0,
        0,
        0
      ]
    },
    {
      "command": "karac:seed_kata",
      "mean": 0.30243468586666666,
      "stddev": 0.0061260598671030635,
      "median": 0.30136367000000003,
      "user": 0.1644751,
      "system": 0.13841313333333333,
      "min": 0.293750253,
      "max": 0.315431391,
      "times": [
        0.303146485,
        0.29683305400000004,
        0.296274767,
        0.302488499,
        0.294902514,
        0.293750253,
        0.299048839,
        0.30067535,
        0.29686856,
        0.295712853,
        0.29860347400000004,
        0.29935018500000005,
        0.299437799,
        0.301951693,
        0.29446194800000003,
        0.29485187900000004,
        0.29819827400000004,
        0.305610254,
        0.303071654,
        0.31009364100000003,
        0.315431391,
        0.306920731,
        0.305896691,
        0.309560351,
        0.30077564700000003,
        0.307850295,
        0.310896396,
        0.31314052200000003,
        0.310552576,
        0.30668400100000004
      ],
      "exit_codes": [
        0,
        0,
        0,
        0,
        0,
        0,
        0,
        0,
        0,
        0,
        0,
        0,
        0,
        0,
        0,
        0,
        0,
        0,
        0,
        0,
        0,
        0,
        0,
        0,
        0,
        0,
        0,
        0,
        0,
        0
      ]
    },
    {
      "command": "rustc:seed_kata",
      "mean": 0.202038965,
      "stddev": 0.002423226765655674,
      "median": 0.201737821,
      "user": 0.17305949999999998,
      "system": 0.04189046666666666,
      "min": 0.19656131300000002,
      "max": 0.20863286,
      "times": [
        0.19656131300000002,
        0.204275419,
        0.19904748500000002,
        0.19943597400000002,
        0.199638474,
        0.20043787200000002,
        0.204154051,
        0.20326976100000002,
        0.203220852,
        0.200516507,
        0.20100846500000003,
        0.204404941,
        0.19983803600000002,
        0.200177932,
        0.198866858,
        0.202940734,
        0.203081951,
        0.201228134,
        0.204520118,
        0.203170917,
        0.202571253,
        0.20534659700000002,
        0.201399465,
        0.20367759800000002,
        0.20444984600000002,
        0.20096856000000002,
        0.20863286,
        0.201322138,
        0.20207617700000002,
        0.200928662
      ],
      "exit_codes": [
        0,
        0,
        0,
        0,
        0,
        0,
        0,
        0,
        0,
        0,
        0,
        0,
        0,
        0,
        0,
        0,
        0,
        0,
        0,
        0,
        0,
        0,
        0,
        0,
        0,
        0,
        0,
        0,
        0,
        0
      ]
    }
  ]
}