{
  "results": [
    {
      "command": "karac:synthetic",
      "mean": 5.181096931399999,
      "stddev": 0.054467320949548086,
      "median": 5.181206578,
      "user": 4.885108,
      "system": 0.2953398,
      "min": 5.102112735,
      "max": 5.28950138,
      "times": [
        5.157266161,
        5.214865218,
        5.201633526,
        5.217510827,
        5.129929464,
        5.198215052,
        5.102112735,
        5.28950138,
        5.1641981040000005,
        5.135736847
      ],
      "exit_codes": [
        0,
        0,
        0,
        0,
        0,
        0,
        0,
        0,
        0,
        0
      ]
    },
    {
      "command": "rustc:synthetic",
      "mean": 1.6458941944000003,
      "stddev": 0.008839379627311324,
      "median": 1.6487476685,
      "user": 1.6083813,
      "system": 0.0567507,
      "min": 1.631865269,
      "max": 1.659618872,
      "times": [
        1.649825695,
        1.6374396020000002,
        1.659618872,
        1.631865269,
        1.63596788,
        1.6478890160000002,
        1.641271443,
        1.649606321,
        1.652798067,
        1.652659779
      ],
      "exit_codes": [
        0,
        0,
        0,
        0,
        0,
        0,
        0,
        0,
        0,
        0
      ]
    },
    {
      "command": "karac:seed_kata",
      "mean": 0.3297565454000001,
      "stddev": 0.003084839537685522,
      "median": 0.32953161350000004,
      "user": 0.1765053,
      "system": 0.15377666666666664,
      "min": 0.325871575,
      "max": 0.337167359,
      "times": [
        0.330327071,
        0.329836353,
        0.329742131,
        0.33085146400000004,
        0.330816791,
        0.326861657,
        0.32745117700000004,
        0.331396005,
        0.33070615600000003,
        0.327079967,
        0.330018548,
        0.327635394,
        0.32932109600000004,
        0.328925269,
        0.332929297,
        0.33502036100000004,
        0.33390735200000005,
        0.335257118,
        0.33427797200000003,
        0.33113506200000004,
        0.337167359,
        0.327879672,
        0.326663238,
        0.326937982,
        0.325871575,
        0.32607857100000004,
        0.32870984200000003,
        0.325994714,
        0.32728236800000005,
        0.32661480000000004
      ],
      "exit_codes": [
        0,
        0,
        0,
        0,
        0,
        0,
        0,
        0,
        0,
        0,
        0,
        0,
        0,
        0,
        0,
        0,
        0,
        0,
        0,
        0,
        0,
        0,
        0,
        0,
        0,
        0,
        0,
        0,
        0,
        0
      ]
    },
    {
      "command": "rustc:seed_kata",
      "mean": 0.20268935349999995,
      "stddev": 0.0008300319904559889,
      "median": 0.20254919850000003,
      "user": 0.17514789999999997,
      "system": 0.040649099999999994,
      "min": 0.200818251,
      "max": 0.20422404100000002,
      "times": [
        0.202886162,
        0.20352445500000002,
        0.202178454,
        0.203976297,
        0.20232213000000002,
        0.20395626600000002,
        0.20422404100000002,
        0.20378457700000002,
        0.20388271500000002,
        0.203178884,
        0.20290659300000002,
        0.20261066600000002,
        0.20199149100000002,
        0.202094147,
        0.20229117300000002,
        0.20281401300000002,
        0.203228038,
        0.20262390500000002,
        0.20238671700000002,
        0.20202119600000001,
        0.202487731,
        0.202411174,
        0.201733182,
        0.200818251,
        0.20156007,
        0.20145758500000002,
        0.20232127000000003,
        0.202961253,
        0.20242943700000002,
        0.20361873200000002
      ],
      "exit_codes": [
        0,
        0,
        0,
        0,
        0,
        0,
        0,
        0,
        0,
        0,
        0,
        0,
        0,
        0,
        0,
        0,
        0,
        0,
        0,
        0,
        0,
        0,
        0,
        0,
        0,
        0,
        0,
        0,
        0,
        0
      ]
    }
  ]
}