{
  "results": [
    {
      "command": "karac:synthetic",
      "mean": 4.859088954500001,
      "stddev": 0.031119041715579086,
      "median": 4.8507613334999995,
      "user": 4.5719167,
      "system": 0.285985,
      "min": 4.829081221,
      "max": 4.915336829,
      "times": [
        4.85247839,
        4.829379604,
        4.861254581,
        4.876277384,
        4.9063939130000005,
        4.829081221,
        4.915336829,
        4.837125671,
        4.834517675,
        4.849044277
      ],
      "exit_codes": [
        0,
        0,
        0,
        0,
        0,
        0,
        0,
        0,
        0,
        0
      ]
    },
    {
      "command": "rustc:synthetic",
      "mean": 1.6258675306,
      "stddev": 0.007414652911320309,
      "median": 1.6243953595,
      "user": 1.5851118999999998,
      "system": 0.058398799999999994,
      "min": 1.620834385,
      "max": 1.646365893,
      "times": [
        1.624120137,
        1.624670582,
        1.620834385,
        1.622354066,
        1.621187585,
        1.624718769,
        1.623164857,
        1.646365893,
        1.624678598,
        1.626580434
      ],
      "exit_codes": [
        0,
        0,
        0,
        0,
        0,
        0,
        0,
        0,
        0,
        0
      ]
    },
    {
      "command": "karac:seed_kata",
      "mean": 0.3237003961333334,
      "stddev": 0.0012361042720293505,
      "median": 0.323725853,
      "user": 0.17144949999999995,
      "system": 0.15276416666666662,
      "min": 0.32099449500000005,
      "max": 0.32681701300000005,
      "times": [
        0.32370213800000003,
        0.32099449500000005,
        0.323119553,
        0.32197699900000004,
        0.32274129500000004,
        0.32264103600000005,
        0.32238328800000005,
        0.323540364,
        0.322228516,
        0.32194604200000004,
        0.32369684000000004,
        0.323951792,
        0.32438997,
        0.324311363,
        0.32350300800000004,
        0.32459741200000003,
        0.32368285900000004,
        0.32681701300000005,
        0.325512479,
        0.325242028,
        0.324112922,
        0.324871731,
        0.32419230200000004,
        0.32252768400000004,
        0.32374956800000004,
        0.324114956,
        0.324003449,
        0.32301191100000004,
        0.323856038,
        0.325592833
      ],
      "exit_codes": [
        0,
        0,
        0,
        0,
        0,
        0,
        0,
        0,
        0,
        0,
        0,
        0,
        0,
        0,
        0,
        0,
        0,
        0,
        0,
        0,
        0,
        0,
        0,
        0,
        0,
        0,
        0,
        0,
        0,
        0
      ]
    },
    {
      "command": "rustc:seed_kata",
      "mean": 0.20092748533333335,
      "stddev": 0.0017738292404476002,
      "median": 0.20057774700000003,
      "user": 0.17256466666666664,
      "system": 0.0414101,
      "min": 0.19957280900000002,
      "max": 0.209611614,
      "times": [
        0.19977102600000002,
        0.20011335000000002,
        0.20037970000000002,
        0.200764097,
        0.200287081,
        0.19977644400000003,
        0.200511828,
        0.20020011100000001,
        0.200325619,
        0.199824197,
        0.20130615100000002,
        0.19970975400000002,
        0.19957280900000002,
        0.20042583900000002,
        0.19977407100000003,
        0.20084917500000002,
        0.20063565400000002,
        0.20051984,
        0.20140843300000003,
        0.20034679000000002,
        0.201290356,
        0.201445644,
        0.201210241,
        0.20078325900000002,
        0.20104633000000002,
        0.209611614,
        0.20074355600000002,
        0.20090547900000003,
        0.201901984,
        0.20238412800000002
      ],
      "exit_codes": [
        0,
        0,
        0,
        0,
        0,
        0,
        0,
        0,
        0,
        0,
        0,
        0,
        0,
        0,
        0,
        0,
        0,
        0,
        0,
        0,
        0,
        0,
        0,
        0,
        0,
        0,
        0,
        0,
        0,
        0
      ]
    }
  ]
}