{
  "ok": true,
  "config": {
    "target": "127.0.0.1:19833",
    "connections": 250000,
    "concurrency": 64,
    "churn_rounds": 0,
    "churn_fraction": 0.1,
    "source_ips": [
      "127.0.0.2",
      "127.0.0.3",
      "127.0.0.4",
      "127.0.0.5",
      "127.0.0.6",
      "127.0.0.7",
      "127.0.0.8",
      "127.0.0.9",
      "127.0.0.10",
      "127.0.0.11",
      "127.0.0.12",
      "127.0.0.13",
      "127.0.0.14",
      "127.0.0.15",
      "127.0.0.16",
      "127.0.0.17",
      "127.0.0.18",
      "127.0.0.19",
      "127.0.0.20",
      "127.0.0.21",
      "127.0.0.22",
      "127.0.0.23",
      "127.0.0.24",
      "127.0.0.25",
      "127.0.0.26",
      "127.0.0.27",
      "127.0.0.28"
    ]
  },
  "connect": {
    "established": 250000,
    "failed": 0,
    "samples": 250000,
    "min_ms": 0.4088,
    "mean_ms": 2.066217891939983,
    "p50_ms": 1.902145,
    "p95_ms": 3.371515,
    "p99_ms": 4.488963,
    "p999_ms": 17.440041,
    "max_ms": 31.059665
  },
  "memory": {
    "available": true,
    "server_pid": 18691,
    "rss_before_kb": 2832,
    "rss_after_kb": 6847088,
    "per_conn_bytes": 28034.072576
  },
  "active_traffic": {
    "active_conns": 10000,
    "msg_bytes": 128,
    "msg_rate": 1.0,
    "duration_secs": 60,
    "messages_sent": 600000,
    "messages_echoed": 600000,
    "echo_failures": 0,
    "samples": 600000,
    "min_ms": 0.019423,
    "mean_ms": 1.6981731173216437,
    "p50_ms": 1.574079,
    "p95_ms": 3.51072,
    "p99_ms": 4.536994,
    "p999_ms": 5.8684389999999995,
    "max_ms": 7.945720999999999,
    "rss_during_kb": 6848468,
    "per_conn_bytes_active": 28039.725056
  }
}
