{
  "ok": true,
  "config": {
    "target": "127.0.0.1:26121",
    "connections": 250000,
    "concurrency": 64,
    "churn_rounds": 0,
    "churn_fraction": 0.1,
    "source_ips": [
      "127.0.0.2",
      "127.0.0.3",
      "127.0.0.4",
      "127.0.0.5",
      "127.0.0.6",
      "127.0.0.7",
      "127.0.0.8",
      "127.0.0.9",
      "127.0.0.10",
      "127.0.0.11",
      "127.0.0.12",
      "127.0.0.13",
      "127.0.0.14",
      "127.0.0.15",
      "127.0.0.16",
      "127.0.0.17",
      "127.0.0.18",
      "127.0.0.19",
      "127.0.0.20",
      "127.0.0.21",
      "127.0.0.22",
      "127.0.0.23",
      "127.0.0.24",
      "127.0.0.25",
      "127.0.0.26",
      "127.0.0.27",
      "127.0.0.28"
    ]
  },
  "connect": {
    "established": 250000,
    "failed": 0,
    "samples": 250000,
    "min_ms": 0.313652,
    "mean_ms": 43.878216728710974,
    "p50_ms": 44.997003,
    "p95_ms": 46.921209999999995,
    "p99_ms": 47.654478,
    "p999_ms": 54.998278,
    "max_ms": 70.96489100000001
  },
  "memory": {
    "available": true,
    "server_pid": 18310,
    "rss_before_kb": 2108,
    "rss_after_kb": 2964032,
    "per_conn_bytes": 12132.040704
  },
  "active_traffic": {
    "active_conns": 10000,
    "msg_bytes": 128,
    "msg_rate": 1.0,
    "duration_secs": 60,
    "messages_sent": 600000,
    "messages_echoed": 600000,
    "echo_failures": 0,
    "samples": 600000,
    "min_ms": 0.033748,
    "mean_ms": 144.20275709064217,
    "p50_ms": 145.932434,
    "p95_ms": 207.88279200000002,
    "p99_ms": 213.979207,
    "p999_ms": 218.634315,
    "max_ms": 222.4682,
    "rss_during_kb": 2965064,
    "per_conn_bytes_active": 12136.267776
  }
}
