{
  "ok": true,
  "config": {
    "target": "127.0.0.1:38427",
    "connections": 250000,
    "concurrency": 64,
    "churn_rounds": 0,
    "churn_fraction": 0.1,
    "source_ips": [
      "127.0.0.2",
      "127.0.0.3",
      "127.0.0.4",
      "127.0.0.5",
      "127.0.0.6",
      "127.0.0.7",
      "127.0.0.8",
      "127.0.0.9",
      "127.0.0.10",
      "127.0.0.11",
      "127.0.0.12",
      "127.0.0.13",
      "127.0.0.14",
      "127.0.0.15",
      "127.0.0.16",
      "127.0.0.17",
      "127.0.0.18",
      "127.0.0.19",
      "127.0.0.20",
      "127.0.0.21",
      "127.0.0.22",
      "127.0.0.23",
      "127.0.0.24",
      "127.0.0.25",
      "127.0.0.26",
      "127.0.0.27",
      "127.0.0.28"
    ]
  },
  "connect": {
    "established": 250000,
    "failed": 0,
    "samples": 250000,
    "min_ms": 0.407957,
    "mean_ms": 2.0644012580839974,
    "p50_ms": 1.8985670000000001,
    "p95_ms": 3.3845899999999998,
    "p99_ms": 4.531842999999999,
    "p999_ms": 16.81766,
    "max_ms": 30.643472000000003
  },
  "memory": {
    "available": true,
    "server_pid": 18480,
    "rss_before_kb": 2828,
    "rss_after_kb": 6847072,
    "per_conn_bytes": 28034.023424
  },
  "active_traffic": {
    "active_conns": 10000,
    "msg_bytes": 128,
    "msg_rate": 1.0,
    "duration_secs": 60,
    "messages_sent": 600000,
    "messages_echoed": 600000,
    "echo_failures": 0,
    "samples": 600000,
    "min_ms": 0.017750000000000002,
    "mean_ms": 1.7625295042700333,
    "p50_ms": 1.690652,
    "p95_ms": 3.4991139999999996,
    "p99_ms": 4.478126,
    "p999_ms": 5.837155999999999,
    "max_ms": 7.547975,
    "rss_during_kb": 6848460,
    "per_conn_bytes_active": 28039.708672
  }
}
