{
  "ok": true,
  "config": {
    "target": "127.0.0.1:37951",
    "connections": 250000,
    "concurrency": 64,
    "churn_rounds": 0,
    "churn_fraction": 0.1,
    "source_ips": [
      "127.0.0.2",
      "127.0.0.3",
      "127.0.0.4",
      "127.0.0.5",
      "127.0.0.6",
      "127.0.0.7",
      "127.0.0.8",
      "127.0.0.9",
      "127.0.0.10",
      "127.0.0.11",
      "127.0.0.12",
      "127.0.0.13",
      "127.0.0.14",
      "127.0.0.15",
      "127.0.0.16",
      "127.0.0.17",
      "127.0.0.18",
      "127.0.0.19",
      "127.0.0.20",
      "127.0.0.21",
      "127.0.0.22",
      "127.0.0.23",
      "127.0.0.24",
      "127.0.0.25",
      "127.0.0.26",
      "127.0.0.27",
      "127.0.0.28"
    ]
  },
  "connect": {
    "established": 250000,
    "failed": 0,
    "samples": 250000,
    "min_ms": 0.310863,
    "mean_ms": 2.0748849931919757,
    "p50_ms": 1.9172040000000001,
    "p95_ms": 3.405883,
    "p99_ms": 4.515041,
    "p999_ms": 17.096337,
    "max_ms": 27.844349
  },
  "memory": {
    "available": true,
    "server_pid": 18497,
    "rss_before_kb": 2844,
    "rss_after_kb": 6847152,
    "per_conn_bytes": 28034.285568
  },
  "active_traffic": {
    "active_conns": 10000,
    "msg_bytes": 128,
    "msg_rate": 1.0,
    "duration_secs": 60,
    "messages_sent": 599749,
    "messages_echoed": 599749,
    "echo_failures": 0,
    "samples": 599749,
    "min_ms": 0.014154,
    "mean_ms": 0.03725553320472484,
    "p50_ms": 0.037334,
    "p95_ms": 0.055459,
    "p99_ms": 0.06575900000000001,
    "p999_ms": 0.08224300000000001,
    "max_ms": 0.292927,
    "rss_during_kb": 6848532,
    "per_conn_bytes_active": 28039.938048
  }
}
