{
  "ok": false,
  "config": {
    "target": "127.0.0.1:23273",
    "connections": 250000,
    "concurrency": 64,
    "churn_rounds": 0,
    "churn_fraction": 0.1,
    "source_ips": [
      "127.0.0.2",
      "127.0.0.3",
      "127.0.0.4",
      "127.0.0.5",
      "127.0.0.6",
      "127.0.0.7",
      "127.0.0.8",
      "127.0.0.9",
      "127.0.0.10",
      "127.0.0.11",
      "127.0.0.12",
      "127.0.0.13",
      "127.0.0.14",
      "127.0.0.15",
      "127.0.0.16",
      "127.0.0.17",
      "127.0.0.18",
      "127.0.0.19",
      "127.0.0.20",
      "127.0.0.21",
      "127.0.0.22",
      "127.0.0.23",
      "127.0.0.24",
      "127.0.0.25",
      "127.0.0.26",
      "127.0.0.27",
      "127.0.0.28"
    ]
  },
  "connect": {
    "established": 250000,
    "failed": 0,
    "samples": 250000,
    "min_ms": 0.335848,
    "mean_ms": 43.925437062498624,
    "p50_ms": 45.011012,
    "p95_ms": 46.962679,
    "p99_ms": 47.897104000000006,
    "p999_ms": 85.98183399999999,
    "max_ms": 107.861453
  },
  "memory": {
    "available": true,
    "server_pid": 18532,
    "rss_before_kb": 2108,
    "rss_after_kb": 2963024,
    "per_conn_bytes": 12127.911936
  },
  "active_traffic": {
    "active_conns": 10000,
    "msg_bytes": 128,
    "msg_rate": 1.0,
    "duration_secs": 60,
    "messages_sent": 599832,
    "messages_echoed": 599828,
    "echo_failures": 4,
    "samples": 599828,
    "min_ms": 0.038132,
    "mean_ms": 96.49785103982427,
    "p50_ms": 99.536568,
    "p95_ms": 123.44134199999999,
    "p99_ms": 126.22422499999999,
    "p999_ms": 128.444425,
    "max_ms": 130.04559700000001,
    "rss_during_kb": 2964348,
    "per_conn_bytes_active": 12133.33504
  }
}
