{
  "ok": false,
  "config": {
    "target": "127.0.0.1:20705",
    "connections": 250000,
    "concurrency": 64,
    "churn_rounds": 0,
    "churn_fraction": 0.1,
    "source_ips": [
      "127.0.0.2",
      "127.0.0.3",
      "127.0.0.4",
      "127.0.0.5",
      "127.0.0.6",
      "127.0.0.7",
      "127.0.0.8",
      "127.0.0.9",
      "127.0.0.10",
      "127.0.0.11",
      "127.0.0.12",
      "127.0.0.13",
      "127.0.0.14",
      "127.0.0.15",
      "127.0.0.16",
      "127.0.0.17",
      "127.0.0.18",
      "127.0.0.19",
      "127.0.0.20",
      "127.0.0.21",
      "127.0.0.22",
      "127.0.0.23",
      "127.0.0.24",
      "127.0.0.25",
      "127.0.0.26",
      "127.0.0.27",
      "127.0.0.28"
    ]
  },
  "connect": {
    "established": 250000,
    "failed": 0,
    "samples": 250000,
    "min_ms": 0.32842899999999997,
    "mean_ms": 44.017317081040545,
    "p50_ms": 45.010435,
    "p95_ms": 47.003647,
    "p99_ms": 48.017313,
    "p999_ms": 86.024985,
    "max_ms": 91.055584
  },
  "memory": {
    "available": true,
    "server_pid": 12642,
    "rss_before_kb": 2108,
    "rss_after_kb": 2962676,
    "per_conn_bytes": 12126.486528
  },
  "active_traffic": {
    "active_conns": 10000,
    "msg_bytes": 128,
    "msg_rate": 1.0,
    "duration_secs": 60,
    "messages_sent": 598840,
    "messages_echoed": 598824,
    "echo_failures": 16,
    "samples": 598824,
    "min_ms": 0.030826,
    "mean_ms": 0.14154404040753188,
    "p50_ms": 0.12477000000000002,
    "p95_ms": 0.271633,
    "p99_ms": 0.34347,
    "p999_ms": 0.455158,
    "max_ms": 0.643963,
    "rss_during_kb": 2962776,
    "per_conn_bytes_active": 12126.896128
  }
}
