{
  "ok": true,
  "config": {
    "target": "127.0.0.1:36605",
    "connections": 1000000,
    "concurrency": 512,
    "churn_rounds": 3,
    "churn_fraction": 0.1,
    "source_ips": [
      "127.0.0.2",
      "127.0.0.3",
      "127.0.0.4",
      "127.0.0.5",
      "127.0.0.6",
      "127.0.0.7",
      "127.0.0.8",
      "127.0.0.9",
      "127.0.0.10",
      "127.0.0.11",
      "127.0.0.12",
      "127.0.0.13",
      "127.0.0.14",
      "127.0.0.15",
      "127.0.0.16",
      "127.0.0.17",
      "127.0.0.18",
      "127.0.0.19",
      "127.0.0.20",
      "127.0.0.21",
      "127.0.0.22",
      "127.0.0.23",
      "127.0.0.24",
      "127.0.0.25",
      "127.0.0.26",
      "127.0.0.27",
      "127.0.0.28"
    ]
  },
  "connect": {
    "established": 1000000,
    "failed": 0,
    "samples": 1000000,
    "min_ms": 0.274862,
    "mean_ms": 436.58994947889,
    "p50_ms": 43.012071,
    "p95_ms": 1586.196522,
    "p99_ms": 1737.972498,
    "p999_ms": 1837.675182,
    "max_ms": 2016.871075
  },
  "memory": {
    "available": true,
    "server_pid": 1385,
    "rss_before_kb": 2100,
    "rss_after_kb": 7619448,
    "per_conn_bytes": 7800.164352
  },
  "churn": {
    "rounds": 3,
    "batch": 100000,
    "reconnect_established": 249993,
    "reconnect_failed": 50007,
    "samples": 249993,
    "min_ms": 62.425657,
    "mean_ms": 1620.1360430866057,
    "p50_ms": 1618.06383,
    "p95_ms": 1796.5657689999998,
    "p99_ms": 1859.894856,
    "p999_ms": 1934.751903,
    "max_ms": 2120.25444,
    "cliff_ratio": 1.0701520640518212
  }
}
