{
  "ok": true,
  "config": {
    "target": "127.0.0.1:32987",
    "connections": 1000000,
    "concurrency": 128,
    "churn_rounds": 0,
    "churn_fraction": 0.1,
    "source_ips": [
      "127.0.0.2",
      "127.0.0.3",
      "127.0.0.4",
      "127.0.0.5",
      "127.0.0.6",
      "127.0.0.7",
      "127.0.0.8",
      "127.0.0.9",
      "127.0.0.10",
      "127.0.0.11",
      "127.0.0.12",
      "127.0.0.13",
      "127.0.0.14",
      "127.0.0.15",
      "127.0.0.16",
      "127.0.0.17",
      "127.0.0.18",
      "127.0.0.19",
      "127.0.0.20",
      "127.0.0.21",
      "127.0.0.22",
      "127.0.0.23",
      "127.0.0.24",
      "127.0.0.25",
      "127.0.0.26",
      "127.0.0.27",
      "127.0.0.28"
    ]
  },
  "connect": {
    "established": 1000000,
    "failed": 0,
    "samples": 1000000,
    "min_ms": 0.31618199999999996,
    "mean_ms": 149.59661861501027,
    "p50_ms": 45.145932,
    "p95_ms": 474.083123,
    "p99_ms": 556.6638379999999,
    "p999_ms": 638.800574,
    "max_ms": 866.5287959999999
  },
  "memory": {
    "available": true,
    "server_pid": 5148,
    "rss_before_kb": 2108,
    "rss_after_kb": 11844772,
    "per_conn_bytes": 12126.887936
  },
  "active_traffic": {
    "active_conns": 1000000,
    "msg_bytes": 128,
    "msg_rate": 1.0,
    "duration_secs": 20,
    "messages_sent": 8230586,
    "messages_echoed": 8230586,
    "echo_failures": 0,
    "samples": 8230586,
    "min_ms": 0.025047,
    "mean_ms": 1914.1374529641193,
    "p50_ms": 2429.847901,
    "p95_ms": 2628.7479339999995,
    "p99_ms": 2654.434215,
    "p999_ms": 2695.011773,
    "max_ms": 2725.1447390000003,
    "rss_during_kb": 12014788,
    "per_conn_bytes_active": 12300.98432
  }
}
