{
  "ok": true,
  "config": {
    "target": "127.0.0.1:36061",
    "connections": 1000000,
    "concurrency": 64,
    "churn_rounds": 0,
    "churn_fraction": 0.1,
    "source_ips": [
      "127.0.0.2",
      "127.0.0.3",
      "127.0.0.4",
      "127.0.0.5",
      "127.0.0.6",
      "127.0.0.7",
      "127.0.0.8",
      "127.0.0.9",
      "127.0.0.10",
      "127.0.0.11",
      "127.0.0.12",
      "127.0.0.13",
      "127.0.0.14",
      "127.0.0.15",
      "127.0.0.16",
      "127.0.0.17",
      "127.0.0.18",
      "127.0.0.19",
      "127.0.0.20",
      "127.0.0.21",
      "127.0.0.22",
      "127.0.0.23",
      "127.0.0.24",
      "127.0.0.25",
      "127.0.0.26",
      "127.0.0.27",
      "127.0.0.28"
    ]
  },
  "connect": {
    "established": 1000000,
    "failed": 0,
    "samples": 1000000,
    "min_ms": 0.477716,
    "mean_ms": 54.3725960630743,
    "p50_ms": 44.211622999999996,
    "p95_ms": 104.027455,
    "p99_ms": 134.202044,
    "p999_ms": 158.11432200000002,
    "max_ms": 197.076046
  },
  "memory": {
    "available": true,
    "server_pid": 8979,
    "rss_before_kb": 2752,
    "rss_after_kb": 11830856,
    "per_conn_bytes": 12111.978496
  }
}
