{
  "ok": true,
  "config": {
    "target": "172.31.69.21:8443",
    "connections": 1000000,
    "concurrency": 256,
    "churn_rounds": 0,
    "churn_fraction": 0.1,
    "source_ips": [
      "172.31.13.172",
      "172.31.4.126",
      "172.31.9.123",
      "172.31.10.219",
      "172.31.6.153",
      "172.31.7.217",
      "172.31.9.55",
      "172.31.11.54",
      "172.31.3.50",
      "172.31.12.145",
      "172.31.12.112",
      "172.31.6.207",
      "172.31.1.207",
      "172.31.7.239",
      "172.31.0.142",
      "172.31.11.12",
      "172.31.8.71",
      "172.31.2.39",
      "172.31.11.231",
      "172.31.10.3",
      "172.31.6.34"
    ]
  },
  "connect": {
    "established": 1000000,
    "failed": 0,
    "samples": 1000000,
    "min_ms": 41.577048,
    "mean_ms": 281.10752076788543,
    "p50_ms": 46.932072999999995,
    "p95_ms": 756.3670970000001,
    "p99_ms": 838.295867,
    "p999_ms": 917.5489279999999,
    "max_ms": 1097.6863640000001
  },
  "memory": {
    "available": false,
    "server_pid": null,
    "rss_before_kb": null,
    "rss_after_kb": null,
    "per_conn_bytes": null
  },
  "active_traffic": {
    "active_conns": 1000000,
    "msg_bytes": 128,
    "msg_rate": 1.0,
    "duration_secs": 20,
    "messages_sent": 10028772,
    "messages_echoed": 10028772,
    "echo_failures": 0,
    "samples": 10028772,
    "min_ms": 0.5485279999999999,
    "mean_ms": 1780.4874449308488,
    "p50_ms": 1828.877614,
    "p95_ms": 2683.9489599999997,
    "p99_ms": 3216.6283789999998,
    "p999_ms": 3643.833239,
    "max_ms": 5623.692366,
    "rss_during_kb": null,
    "per_conn_bytes_active": null
  }
}
