{
  "ok": true,
  "config": {
    "target": "127.0.0.1:16661",
    "connections": 250000,
    "concurrency": 64,
    "churn_rounds": 0,
    "churn_fraction": 0.1,
    "source_ips": [
      "127.0.0.2",
      "127.0.0.3",
      "127.0.0.4",
      "127.0.0.5",
      "127.0.0.6",
      "127.0.0.7",
      "127.0.0.8",
      "127.0.0.9",
      "127.0.0.10",
      "127.0.0.11",
      "127.0.0.12",
      "127.0.0.13",
      "127.0.0.14",
      "127.0.0.15",
      "127.0.0.16",
      "127.0.0.17",
      "127.0.0.18",
      "127.0.0.19",
      "127.0.0.20",
      "127.0.0.21",
      "127.0.0.22",
      "127.0.0.23",
      "127.0.0.24",
      "127.0.0.25",
      "127.0.0.26",
      "127.0.0.27",
      "127.0.0.28"
    ]
  },
  "connect": {
    "established": 250000,
    "failed": 0,
    "samples": 250000,
    "min_ms": 0.5983499999999999,
    "mean_ms": 4.7687811767000685,
    "p50_ms": 4.351484,
    "p95_ms": 7.733309,
    "p99_ms": 10.777019000000001,
    "p999_ms": 67.899846,
    "max_ms": 225.278424
  },
  "memory": {
    "available": true,
    "server_pid": 3757,
    "rss_before_kb": 63108,
    "rss_after_kb": 13277160,
    "per_conn_bytes": 54124.756992
  }
}
