{
  "ok": true,
  "config": {
    "target": "127.0.0.1:17087",
    "connections": 250000,
    "concurrency": 64,
    "churn_rounds": 0,
    "churn_fraction": 0.1,
    "source_ips": [
      "127.0.0.2",
      "127.0.0.3",
      "127.0.0.4",
      "127.0.0.5",
      "127.0.0.6",
      "127.0.0.7",
      "127.0.0.8",
      "127.0.0.9",
      "127.0.0.10",
      "127.0.0.11",
      "127.0.0.12",
      "127.0.0.13",
      "127.0.0.14",
      "127.0.0.15",
      "127.0.0.16",
      "127.0.0.17",
      "127.0.0.18",
      "127.0.0.19",
      "127.0.0.20",
      "127.0.0.21",
      "127.0.0.22",
      "127.0.0.23",
      "127.0.0.24",
      "127.0.0.25",
      "127.0.0.26",
      "127.0.0.27",
      "127.0.0.28"
    ]
  },
  "connect": {
    "established": 250000,
    "failed": 0,
    "samples": 250000,
    "min_ms": 0.351724,
    "mean_ms": 3.6227244868078943,
    "p50_ms": 3.3706370000000003,
    "p95_ms": 6.963997,
    "p99_ms": 9.728098,
    "p999_ms": 18.140177,
    "max_ms": 36.594504
  },
  "memory": {
    "available": true,
    "server_pid": 4425,
    "rss_before_kb": 6700,
    "rss_after_kb": 10843128,
    "per_conn_bytes": 44386.009088
  }
}
