{
  "ok": true,
  "config": {
    "target": "127.0.0.1:8443",
    "connections": 100,
    "concurrency": 800,
    "churn_rounds": 3,
    "churn_fraction": 0.1,
    "source_ips": [
      "127.0.0.2",
      "127.0.0.3",
      "127.0.0.4",
      "127.0.0.5",
      "127.0.0.6",
      "127.0.0.7",
      "127.0.0.8",
      "127.0.0.9"
    ]
  },
  "connect": {
    "established": 0,
    "failed": 0,
    "samples": 0,
    "min_ms": null,
    "mean_ms": null,
    "p50_ms": null,
    "p95_ms": null,
    "p99_ms": null,
    "p999_ms": null,
    "max_ms": null
  },
  "memory": {
    "available": false,
    "server_pid": null,
    "rss_before_kb": null,
    "rss_after_kb": null,
    "per_conn_bytes": null
  },
  "handshake_qps": {
    "duration_secs": 20,
    "concurrency": 800,
    "handshakes_completed": 152818,
    "handshakes_failed": 0,
    "qps": 7588.474266304385,
    "samples": 152818,
    "min_ms": 27.662674000000003,
    "mean_ms": 104.69886216002935,
    "p50_ms": 78.907871,
    "p95_ms": 256.753965,
    "p99_ms": 650.078331,
    "p999_ms": 687.740573,
    "max_ms": 776.6383940000001
  }
}
