{
  "ok": true,
  "config": {
    "target": "127.0.0.1:8443",
    "connections": 100,
    "concurrency": 500,
    "churn_rounds": 3,
    "churn_fraction": 0.1,
    "source_ips": [
      "127.0.0.2",
      "127.0.0.3",
      "127.0.0.4",
      "127.0.0.5",
      "127.0.0.6",
      "127.0.0.7",
      "127.0.0.8",
      "127.0.0.9"
    ]
  },
  "connect": {
    "established": 0,
    "failed": 0,
    "samples": 0,
    "min_ms": null,
    "mean_ms": null,
    "p50_ms": null,
    "p95_ms": null,
    "p99_ms": null,
    "p999_ms": null,
    "max_ms": null
  },
  "memory": {
    "available": false,
    "server_pid": null,
    "rss_before_kb": null,
    "rss_after_kb": null,
    "per_conn_bytes": null
  },
  "handshake_qps": {
    "duration_secs": 20,
    "concurrency": 500,
    "handshakes_completed": 75846,
    "handshakes_failed": 0,
    "qps": 3769.195481882282,
    "samples": 75846,
    "min_ms": 0.30782200000000004,
    "mean_ms": 131.76095531152572,
    "p50_ms": 44.740236,
    "p95_ms": 407.189114,
    "p99_ms": 429.230108,
    "p999_ms": 468.739065,
    "max_ms": 576.6724210000001
  }
}
