{
  "ok": true,
  "config": {
    "target": "127.0.0.1:24425",
    "connections": 250000,
    "concurrency": 64,
    "churn_rounds": 0,
    "churn_fraction": 0.1,
    "source_ips": [
      "127.0.0.2",
      "127.0.0.3",
      "127.0.0.4",
      "127.0.0.5",
      "127.0.0.6",
      "127.0.0.7",
      "127.0.0.8",
      "127.0.0.9",
      "127.0.0.10",
      "127.0.0.11",
      "127.0.0.12",
      "127.0.0.13",
      "127.0.0.14",
      "127.0.0.15",
      "127.0.0.16",
      "127.0.0.17",
      "127.0.0.18",
      "127.0.0.19",
      "127.0.0.20",
      "127.0.0.21",
      "127.0.0.22",
      "127.0.0.23",
      "127.0.0.24",
      "127.0.0.25",
      "127.0.0.26",
      "127.0.0.27",
      "127.0.0.28"
    ]
  },
  "connect": {
    "established": 250000,
    "failed": 0,
    "samples": 250000,
    "min_ms": 0.592941,
    "mean_ms": 4.406991313903956,
    "p50_ms": 3.757936,
    "p95_ms": 8.907257999999999,
    "p99_ms": 15.980624999999998,
    "p999_ms": 30.869363,
    "max_ms": 222.670216
  },
  "memory": {
    "available": true,
    "server_pid": 6453,
    "rss_before_kb": 111708,
    "rss_after_kb": 3718884,
    "per_conn_bytes": 14774.992896
  }
}
