{
  "ok": true,
  "config": {
    "target": "127.0.0.1:15427",
    "connections": 50000,
    "concurrency": 64,
    "churn_rounds": 0,
    "churn_fraction": 0.1,
    "source_ips": [
      "127.0.0.2",
      "127.0.0.3",
      "127.0.0.4",
      "127.0.0.5",
      "127.0.0.6",
      "127.0.0.7",
      "127.0.0.8",
      "127.0.0.9",
      "127.0.0.10",
      "127.0.0.11",
      "127.0.0.12",
      "127.0.0.13",
      "127.0.0.14",
      "127.0.0.15",
      "127.0.0.16",
      "127.0.0.17",
      "127.0.0.18",
      "127.0.0.19",
      "127.0.0.20",
      "127.0.0.21",
      "127.0.0.22",
      "127.0.0.23",
      "127.0.0.24",
      "127.0.0.25",
      "127.0.0.26",
      "127.0.0.27",
      "127.0.0.28"
    ]
  },
  "connect": {
    "established": 50000,
    "failed": 0,
    "samples": 50000,
    "min_ms": 0.717535,
    "mean_ms": 5.582689928319985,
    "p50_ms": 4.205394,
    "p95_ms": 12.347566,
    "p99_ms": 22.783838,
    "p999_ms": 200.886619,
    "max_ms": 255.084537
  },
  "memory": {
    "available": true,
    "server_pid": 4853,
    "rss_before_kb": 106864,
    "rss_after_kb": 2939516,
    "per_conn_bytes": 58012.71296
  }
}
