{
  "ok": true,
  "config": {
    "target": "127.0.0.1:30155",
    "connections": 50000,
    "concurrency": 64,
    "churn_rounds": 0,
    "churn_fraction": 0.1,
    "source_ips": [
      "127.0.0.2",
      "127.0.0.3",
      "127.0.0.4",
      "127.0.0.5",
      "127.0.0.6",
      "127.0.0.7",
      "127.0.0.8",
      "127.0.0.9",
      "127.0.0.10",
      "127.0.0.11",
      "127.0.0.12",
      "127.0.0.13",
      "127.0.0.14",
      "127.0.0.15",
      "127.0.0.16",
      "127.0.0.17",
      "127.0.0.18",
      "127.0.0.19",
      "127.0.0.20",
      "127.0.0.21",
      "127.0.0.22",
      "127.0.0.23",
      "127.0.0.24",
      "127.0.0.25",
      "127.0.0.26",
      "127.0.0.27",
      "127.0.0.28"
    ]
  },
  "connect": {
    "established": 50000,
    "failed": 0,
    "samples": 50000,
    "min_ms": 6.8463519999999995,
    "mean_ms": 49.22752774505981,
    "p50_ms": 49.118165999999995,
    "p95_ms": 77.322366,
    "p99_ms": 82.48454199999999,
    "p999_ms": 87.538796,
    "max_ms": 96.05244
  },
  "memory": {
    "available": true,
    "server_pid": 4404,
    "rss_before_kb": 56700,
    "rss_after_kb": 2115348,
    "per_conn_bytes": 42161.11104
  }
}
