{
  "ok": true,
  "config": {
    "target": "127.0.0.1:30547",
    "connections": 50000,
    "concurrency": 64,
    "churn_rounds": 0,
    "churn_fraction": 0.1,
    "source_ips": [
      "127.0.0.2",
      "127.0.0.3",
      "127.0.0.4",
      "127.0.0.5",
      "127.0.0.6",
      "127.0.0.7",
      "127.0.0.8",
      "127.0.0.9",
      "127.0.0.10",
      "127.0.0.11",
      "127.0.0.12",
      "127.0.0.13",
      "127.0.0.14",
      "127.0.0.15",
      "127.0.0.16",
      "127.0.0.17",
      "127.0.0.18",
      "127.0.0.19",
      "127.0.0.20",
      "127.0.0.21",
      "127.0.0.22",
      "127.0.0.23",
      "127.0.0.24",
      "127.0.0.25",
      "127.0.0.26",
      "127.0.0.27",
      "127.0.0.28"
    ]
  },
  "connect": {
    "established": 50000,
    "failed": 0,
    "samples": 50000,
    "min_ms": 2.913691,
    "mean_ms": 10.81926329580011,
    "p50_ms": 10.513315,
    "p95_ms": 15.277147,
    "p99_ms": 17.956303,
    "p999_ms": 114.352391,
    "max_ms": 114.55699399999999
  },
  "memory": {
    "available": true,
    "server_pid": 8273,
    "rss_before_kb": 201992,
    "rss_after_kb": 5436564,
    "per_conn_bytes": 107204.03456
  }
}
